id,name,access,addr:city,addr:district,addr:housenumber,addr:locality,addr:place,addr:postcode,addr:street,addr:unit,alt_name,barrier,created_by,description,designation,disused:leisure,fee,fence_type,landuse,layer,leisure,location,material,name:ar,name:de,name:en,name:es,name:etymology,name:etymology:description,name:etymology:wikidata,name:fa,name:fr,name:hi,name:ml,name:ta,name:ur,name:zh,noname,official_name,old_name,opening_hours,operator,operator:type,parking,short_name,source,source:boundary,source_ref,toilets:access,tourism,type,wall,website,wheelchair,wikidata,wikimedia_commons,wikipedia,latitude,longitude
7602598775,park,,,,,,,,,,,,,,,,,,,,park,,,,,,,,,,,,,,,,,,,,,,,,,,,,,,node,,,,,,,13.0668847,80.2414517
23186307,Independence Day Park,,,,,,,,,,,,,,,,,,,,park,,,,,,,,,Q56106,,,,,,,,,,,,,,,,,,,,,way,,,,,,,13.0560027,80.2418757
23892256,People's Park,,,,,,,,,,,,,,,,,,,,park,,,,,,,,,,,,,,,,,,,,,,,,,,,,,,way,,,,,,,13.0886067,80.2732414
23954915,Kalaignar Noorandu Poonga,,,,,,,,,,,,,,,,,,,,park,,,,,Kalaignar Centenary Park,,,,Q470875,,,,,,,,,,Horticultural Society Garden,,,,,,,,,,,way,,,,,,,13.0509612,80.2553857
24375590,Haddows Road Park,,,,,,,,,,,,,,,,,,,,park,,,,,,,,,,,,,,,,,,,,,,,,,,,,,,way,,,,,,,13.0635667,80.2477793
25808365,Senmozhi Poonga,,Chennai,,,,,600086,Cathedral Road,Teynampet,,,,One of the largest parks in Chennai.,,,,,,,park,,,,,Semmozhi Poonga,,,,,,,,,செம்மொழி பூங்கா,,,,,,,,,,,,,,,attraction,way,,,,Q12068695,Category:Semmozhi Poonga,en:Semmoli Poonga,13.0518131,80.2512638
26396360,Anna Park,,,,,,,,,,,,,,,,,,,,park,,,,,,,,,Q138765,,,,,,,,,,,,,,,,,,,,,way,,,,,,,13.1085378,80.288191
26748565,Mehta Nagar Ground,,,,,,,,,,,,,,,,,,,,park,,,,,,,,,,,,,,,,,,,,,,,,,,,,,,way,,,,,,,13.0705444,80.2273071
27483603,,,,,,,,,,,,,,,,,,,,,park,,,,,,,,,,,,,,,,,,,,,,,,,,,,,,way,,,,,,,13.0414529,80.2520432
27618336,,,,,,,,,,,,,,,,,,,,1,park,,,,,,,,,,,,,,,,,,,,,,,,,,,,,,way,,,,,,,13.0819325,80.2797654
27618366,MMC Ground,,,,,,,,,,,,,,,,,,,,park,,,,,,,,,,,,,,,,,,,,,,,,,,,,,,way,,,,,,,13.086711,80.2820798
28137710,Park 113,,,,,,,,,,,,Potlatch 0.10f,,,,,,,,park,,,,,,,,,,,,,,,,,,,,,,,,,,,,,,way,,,,,,,13.0479545,80.2505496
28747324,Fort Park,,,,,,,,,,,,,,,,,,,,park,,,,,,,,,,,,,,,,,,,,,,,,,,,,,,way,,,,,,,13.0799602,80.2882862
29252773,,,,,,,,,,,,,,,,,,,,,park,,,,,,,,,,,,,,,,,,,,,,,,,,,,,,way,,,,,,,13.0521442,80.2409297
30851611,Thiru Vi Ka Park,,,,,,,,,,,,,,,,,,,,park,,,,,,,,,Q7785243,,,,,,,,,,,,,,,,,,,,,way,,,,Q65293802,,"en:Thiru Vi Ka Park, Chennai",13.0775515,80.2253182
30977720,Patel Park,,,,,,,,,,,,,,,,,,,,park,,,,,,,,,,,,,,,,,,,,,,,,,,,,,,way,,,,,,,13.0963717,80.252709
30978196,Ramanujalu Park,,,,,,,,,,,,,,,,,,,,park,,,,,,,,,,,,,,,,,,,,,,,,,,,,,,way,,,,,,,13.0959996,80.2578499
31726931,M.G.R Memorial,,,,,,,,,,,,,,,,,,,,park,,,,,,,,,,,,,എംജിആർ സ്മാരകം,எம்.ஜி.ஆர் நினைவிடம்,,,,,,,,,,,,,,,,way,,,,,,,13.0643879,80.2837498
31726933,Anna Memorial,,,,,,,,,,,,,,,,,,,,park,,,,,,,,,,,,,അണ്ണാ സ്മാരകം,அண்ணா நினைவிடம்,,,,,,,,,,,,,,,,way,,,,,,,13.0649543,80.2855512
45871568,,,,,,,,,,,,,,,,,,,,,park,,,,,,,,,,,,,,,,,,,,,,,,,,,,,,way,,,,,,,13.0788957,80.265526
47497688,Annie Besant Park,,,,,,,,,,,,,,,,,,,,park,,,,,,,,,Q464318,,,,,,,,,,,,,,,,,,,,,way,,,,,,,13.050135,80.2806472
48048690,,,,,,,,,,,,,,,,,,,,,park,,,,,,,,,,,,,,,,,,,,,,,,,,,,,,way,,,,,,,13.0953312,80.2619445
48049878,,,,,,,,,,,,,,,,,,,,,park,,,,,,,,,,,,,,,,,,,,,,,,,,,,,,way,,,,,,,13.0902856,80.2635305
48753882,,,,,,,,,,,,,,,,,,,,,park,,,,,,,,,,,,,,,,,,,,,,,,,,,,,,way,,,,,,,13.0917145,80.2297787
53348317,Corporation Ground,,Chennai,,,,,600011,Perambur High Road,,,,,,,,,,,,park,,,,,,,,,,,,,,,,,,,,,Perambur Park,,,,,,,,,way,,,,,,,13.108788,80.243273
177257948,,,,,,,,,,,,,,,,,,,,,park,,,,,,,,,,,,,,,,,,,,,,,,,,,,,,way,,,,,,,13.0404575,80.2603603
208593387,,,,,,,,,,,,,,,,,,,,,park,,,,,,,,,,,,,,,,,,,,,,,,,,,,,,way,,,,,,,13.0402623,80.268129
209535315,,,,,,,,,,,,,,,,,,,,,park,,,,,,,,,,,,,,,,,,,,,,,,,,,,,,way,,,,,,,13.0521045,80.2420279
211436944,,,,,,,,,,,,,,,,,,,,,park,,,,,,,,,,,,,,,,,,,,,,,,,,,,,,way,,,,,,,13.060394,80.2830178
211436945,,,,,,,,,,,,,,,,,,,,,park,,,,,,,,,,,,,,,,,,,,,,,,,,,,,,way,,,,,,,13.0465193,80.2803513
211436946,,,,,,,,,,,,,,,,,,,,,park,,,,,,,,,,,,,,,,,,,,,,,,,,,,,,way,,,,,,,13.0467073,80.2803943
211436947,,,,,,,,,,,,,,,,,,,,,park,,,,,,,,,,,,,,,,,,,,,,,,,,,,,,way,,,,,,,13.0496378,80.280804
211436949,,,,,,,,,,,,,,,,,,,,,park,,,,,,,,,,,,,,,,,,,,,,,,,,,,,,way,,,,,,,13.0576699,80.282318
211436950,,,,,,,,,,,,,,,,,,,,,park,,,,,,,,,,,,,,,,,,,,,,,,,,,,,,way,,,,,,,13.0560691,80.2820178
211436951,,,,,,,,,,,,,,,,,,,,,park,,,,,,,,,,,,,,,,,,,,,,,,,,,,,,way,,,,,,,13.0395233,80.2792109
211436952,,,,,,,,,,,,,,,,,,,,,park,,,,,,,,,,,,,,,,,,,,,,,,,,,,,,way,,,,,,,13.0511164,80.2810174
211751197,,,,,,,,,,,,,,,,,,,,,park,,,,,,,,,,,,,,,,,,,,,,,,,,,,,,way,,,,,,,13.0555663,80.259108
214599873,,,,,,,,,,,,,,,,,,,,,park,,,,,,,,,,,,,,,,,,,,,,,,,,,,,,way,,,,,,,13.0626668,80.2501622
214711576,Langs Garden Park,,,,,,,,,,,,,,,,,,,,park,,,,,,,,,Q17495758,,,,,,,,,,,,,,,,,,,,,way,,,,,,,13.0725182,80.2668579
214711621,,,,,,,,,,,,,,,,,,,,,park,,,,,,,,,,,,,,,,,,,,,,,,,,,,,,way,,,,,,,13.0689619,80.267662
217677435,Maadi Poonga,,,,,,,,,,,,,,,,,,,,park,,,,,Hanging Gardens,,,,,,,,,,,,,,,,,,,,,,,,,way,,,,,,,13.1031985,80.2898348
217684165,,,,,,,,,,,,,,,,,,,,,park,,,,,,,,,,,,,,,,,,,,,,,,,,,,,,way,,,,,,,13.0803803,80.2629662
217685973,,,,,,,,,,,,,,,,,,,,,park,,,,,,,,,,,,,,,,,,,,,,,,,,,,,,way,,,,,,,13.0750977,80.2563503
217685974,,,,,,,,,,,,,,,,,,,,,park,,,,,,,,,,,,,,,,,,,,,,,,,,,,,,way,,,,,,,13.0735984,80.2458436
217685976,,,,,,,,,,,,,,,,,,,,,park,,,,,,,,,,,,,,,,,,,,,,,,,,,,,,way,,,,,,,13.072043,80.2507641
217685977,,,,,,,,,,,,,,,,,,,,,park,,,,,,,,,,,,,,,,,,,,,,,,,,,,,,way,,,,,,,13.0714605,80.248209
217747551,,,,,,,,,,,,,,,,,,,,,park,,,,,,,,,,,,,,,,,,,,,,,,,,,,,,way,,,,,,,13.0648332,80.2324552
217797449,,,,,,,,,,,,,,,,,,,,,park,,,,,,,,,,,,,,,,,,,,,,,,,,,,,,way,,,,,,,13.0671243,80.2299851
217797450,,,,,,,,,,,,,,,,,,,,,park,,,,,,,,,,,,,,,,,,,,,,,,,,,,,,way,,,,,,,13.0716067,80.2379056
217845095,,,,,,,,,,,,,,,,,,,,,park,,,,,,,,,,,,,,,,,,,,,,,,,,,,,,way,,,,,,,13.0819825,80.2765224
217845116,,,,,,,,,,,,,,,,,,,,,park,,,,,,,,,,,,,,,,,,,,,,,,,,,,,,way,,,,,,,13.0818206,80.2752858
217845117,,,,,,,,,,,,,,,,,,,,,park,,,,,,,,,,,,,,,,,,,,,,,,,,,,,,way,,,,,,,13.0822036,80.2758669
217860913,,,,,,,,,,,,,,,,,,,,,park,,,,,,,,,,,,,,,,,,,,,,,,,,,,,,way,,,,,,,13.1120891,80.2852814
217860914,,,,,,,,,,,,,,,,,,,,,park,,,,,,,,,,,,,,,,,,,,,,,,,,,,,,way,,,,,,,13.110306,80.2874918
217870940,,,,,,,,,,,,,,,,,,,,,park,,,,,,,,,,,,,,,,,,,,,,,,,,,,,,way,,,,,,,13.112616,80.275914
217878787,,,,,,,,,,,,,,,,,,,,,park,,,,,,,,,,,,,,,,,,,,,,,,,,,,,,way,,,,,,,13.0982011,80.2588775
217902578,,,,,,,,,,,,,,,,,,,,,park,,,,,,,,,,,,,,,,,,,,,,,,,,,,,,way,,,,,,,13.1199914,80.2502461
217904439,,,,,,,,,,,,,,,,,,,,,park,,,,,,,,,,,,,,,,,,,,,,,,,,,,,,way,,,,,,,13.110587,80.2482089
217904442,,,,,,,,,,,,,,,,,,,,,park,,,,,,,,,,,,,,,,,,,,,,,,,,,,,,way,,,,,,,13.1093191,80.253586
217906535,,,,,,,,,,,,,,,,,,,,,park,,,,,,,,,,,,,,,,,,,,,,,,,,,,,,way,,,,,,,13.1089555,80.2346091
217922861,,,,,,,,,,,,,,,,,,,,,park,,,,,,,,,,,,,,,,,,,,,,,,,,,,,,way,,,,,,,13.0980016,80.2322684
217926520,,,,,,,,,,,,,,,,,,,,,park,,,,,,,,,,,,,,,,,,,,,,,,,,,,,,way,,,,,,,13.0951182,80.229019
217926521,,,,,,,,,,,,,,,,,,,,,park,,,,,,,,,,,,,,,,,,,,,,,,,,,,,,way,,,,,,,13.0946776,80.2289407
217926522,,,,,,,,,,,,,,,,,,,,,park,,,,,,,,,,,,,,,,,,,,,,,,,,,,,,way,,,,,,,13.0839266,80.2321578
217935590,,,,,,,,,,,,,,,,,,,,,park,,,,,,,,,,,,,,,,,,,,,,,,,,,,,,way,,,,,,,13.106953,80.2421051
217945180,,,,,,,,,,,,,,,,,,,,,park,,,,,,,,,,,,,,,,,,,,,,,,,,,,,,way,,,,,,,13.1237512,80.2646611
217954833,Children's Road Safety and Traffic Park,,,,,,,,,,,,,,,,,,,,park,,,,,,,,,,,,,,,,,,,,,,,,,,,,,,way,,,,,,,13.0677857,80.2850218
240501606,,,,,,,,,,,,,,,,,,,,,park,,,,,,,,,,,,,,,,,,,,,,,,,,,,,,way,,,,,,,13.0560027,80.2418757
240869140,,,,,,,,,,,,,,,,,,,,,park,,,,,,,,,,,,,,,,,,,,,,,,,,,,,,way,,,,,,,13.0971236,80.2600183
240980214,,,,,,,,,,,,,,,,,,,,,park,,,,,,,,,,,,,,,,,,,,,,,,,,,,,,way,,,,,,,13.0862771,80.2679175
241028011,,,,,,,,,,,,,,,,,,,,,park,,,,,,,,,,,,,,,,,,,,,,,,,,,,,,way,,,,,,,13.0864507,80.2256615
241320696,,,,,,,,,,,,,,,,,,,,,park,,,,,,,,,,,,,,,,,,,,,,,,,,,,,,way,,,,,,,13.0393342,80.2678351
393560234,Pachayappas Ground,,,,,,,,,,,,,,,,,,grass,,park,,,,,,,,,,,,,,,,,,,,,,,,,,,,,,way,,,,,,,13.0726884,80.2320995
469943026,,,,,,,,,,,,,,,,,,,,,park,,,,,,,,,,,,,,,,,,,,,,,,,,,,,,way,,,,,,,13.1238121,80.2659238
486686062,Kosapet Park,,,,,,,,,,,,,,,,,,,,park,,,,,,,,,,,,,,,,,,,,,,,,,,,,,,way,,,,,,,13.0931738,80.2564991
540616695,Vidyodaya School Play Ground,,,,,,,,,,,,,,,,,,,,park,,,,,,,,,,,,,,,,,,,,,,,,,,,,,,way,,,,,,,13.0507816,80.2407631
552095637,Mayor Sundar Rao Naidu Park,,,,,,,,,,,,,,,,,,,,park,,,,,,,,,Q15997862,,,,,,,,,,,,,,,,,,,,,way,,,,,,,13.0639991,80.2601729
578162082,,,,,,,,,,,,,,,,,,,,,park,,,,,,,,,,,,,,,,,,,,,,,,,,,,,,way,,,,,,,13.0522968,80.2775735
604176831,,,,,,,,,,,,,,,,,,,,,park,,,,,,,,,,,,,,,,,,,,,,,,,,,,,,way,,,,,,,13.1039538,80.265986
634143710,Government Park,,,,,,,,,,,,,,,,,,,,park,,,,,,,,,,,,,,,,,,,,,,,,,,,,,,way,,,,,,,13.0908698,80.2248407
657856747,Chetpat Eco Park,,Chennai,,,Chetpet,,600010,EVR Periyar Salai (Poonamallee High Road),,,,,,,,,,,,park,,,,,,,,,,,,,,,,,,,,,"Department of Fisheries, Tamilnadu",,,,,,,,,way,,,,,,,13.0772996,80.2413744
984861030,,,,,,,,,,,,,,,,,,,,,park,,,,,,,,,,,,,,,,,,,,,,,,,,,,,,way,,,,,,,13.0516138,80.2802057
984863268,,,,,,,,,,,,,,,,,,,,,park,,,,,,,,,,,,,,,,,,,,,,,,,,,,,,way,,,,,,,13.0516693,80.2805884
984867581,,,,,,,,,,,,,,,,,,,,,park,,,,,,,,,,,,,,,,,,,,,,,,,,,,,,way,,,,,,,13.050834,80.2807318
984874501,,,,,,,,,,,,,,,,,,,,,park,,,,,,,,,,,,,,,,,,,,,,,,,,,,,,way,,,,,,,13.0506897,80.2806016
984925381,,,,,,,,,,,,,,,,,,,,,park,,,,,,,,,,,,,,,,,,,,,,,,,,,,,,way,,,,,,,13.050426,80.2801707
1021331583,Vivekananda Park,,,,,,,,,,,,,,,,,,,,park,,,,,,,,,Q47478,,,,,,,,,,,,,,,,,,,,,way,,,,,,,13.0492934,80.2803043
1074547179,,,,,,,,,,,,,,,,,,,,,park,,,,,,,,,,,,,,,,,,,,,,,,,,,,,,way,,,,,,,13.1135096,80.2709355
1076583933,Loane Square,,,,,,,,,,,,,,,,,,,,park,,,,,,,"Named after Samuel Joshua Loane, Engineer of the Madras Corporation who was responsible for constructing Moore Market.","Named after Samuel Joshua Loane, Engineer of the Madras Corporation who was responsible for constructing Moore Market.",,,,,,,,,,,,,,,,,,,https://muthusamyphotostream.blogspot.com/2014/05/how-loanes-square-park-in-broadway.html,,,way,,,,,,,13.0914022,80.2852311
1080616302,,,,,,,,,,,,,,,,,,,,,park,,,,,,,,,,,,,,,,,,,,,,,,,,,,,,way,,,,,,,13.0660029,80.2860812
1081242033,,,,,,,,,,,,,,,,,,,,,park,,,,,,,,,,,,,,,,,,,,,,,,,,,,,,way,,,,,,,13.0418105,80.279645
1089831758,Naval Park,,,,,,,,,,,,,,,,,,,,park,,,,,,,,,,,,,,,,,,,,,,,,,,,,,,way,,,,,,,13.0694366,80.2847726
1089857395,,,,,,,,,,,,,,,,,,,,,park,,,,,,,,,,,,,,,,,,,,,,,,,,,,,,way,,,,,,,13.1118521,80.2712931
1089857396,,,,,,,,,,,,,,,,,,,,,park,,,,,,,,,,,,,,,,,,,,,,,,,,,,,,way,,,,,,,13.1129581,80.2715824
1091003561,Alexander Park,,,,,,,,,,,,,,,,,,,,park,,,,,,,,,,,,,,,,,,,,,,,,,,,,,,way,,,,,,,13.0991743,80.2554161
1091003578,,,,,,,,,,,,,,,,,,,,,park,,,,,,,,,,,,,,,,,,,,,,,,,,,,,,way,,,,,,,13.1016437,80.2505425
1130557261,Victory Park,,,,,,,,,,,,,,,,,,,,park,,,,,,,,,,,,,,,,,,,,,,,,,,,,,,way,,,,,,,13.0731746,80.2857618
1130587017,Napier Park,,,,,,,,,,,,,,,,,,,,park,,,,,,,,,,,,,,,,,,,,,,,,,,,,,,way,,,,,,,13.0743069,80.273061
1134197152,Mint Park,,,,,,,,,,,,,,,,,,,,park,,,,,,,,,,,,,,,,,,,,,,,,,,,,,,way,,,,,,,13.1046413,80.2766334
1172399090,Corporation Park,,,,,,,,,,,,,,,,,,,,park,,,,,,,,,,,,,,,,,,,,,,,,,,,,,,way,,,,,,,13.1034008,80.2733814
1172638593,,,,,,,,,,,,,,,,,,,,,park,,,,,,,,,,,,,,,,,,,,,,,,,,,,,,way,,,,,,,13.1104166,80.2572804
1176509600,Sivagnanam Park,,,,,,,,,,,,,,,,,,,,park,,,,,,,,,,,,,,சிவஞானம் பார்க்,,,,,,,,,,,,,,,,way,,,,,,,13.1028754,80.2785213
1237718894,,,,,,,,,,,,,,,,,,,,,park,,,,,,,,,,,,,,,,,,,,,,,,,,,,,,way,,,,,,,13.1020289,80.2820934
1237728799,Rajasthani Ground,,,,,,,,,,,,,,,,,,,,park,,,,,,,,,,,,,,,,,,,,,,,,,,,,,,way,,,,,,,13.0939214,80.2762867
1238543071,,,,,,,,,,,,,,,,,,,,,park,,,,,,,,,,,,,,,,,,,,,,,,,,,,,,way,,,,,,,13.1093567,80.2786079
1267555310,,,,,,,,,,,,,,,,,,,,,park,,,,,,,,,,,,,,,,,,,,,,,,,,,,,,way,,,,,,,13.0941609,80.2821139
1669051216,Vivekanand Park (Sindi Park),,,,,,,,,,,,,,,,,,,,park,,,,,,,,,,,,,,,,,,,,,,,,,,,,,,node,,,,,,,28.6397522,77.1866567
2445994438,Central Park,,,,,,,,,,,,,,,,,,,,park,,,,,,,,,,,,,,,,,,,,,,,,,,,,,,node,,,,,,,28.6453995,77.173542
2446003132,R Block Park,,,,,,,,,,,,,,,,,,,,park,,,,,,,,,,,,,,,,,,,,,,,,,,,,,,node,,,,,,,28.6362518,77.1789011
2446006349,Haathi Park,,,,,,,,,,,,,,,,,,,,park,,,,,,,,,,,,,,,,,,,,,,,,,,,,,,node,,,,,,,28.6371416,77.1798452
2446007242,Sita Park,,,,,,,,,,,,,,,,,,,,park,,,,,,,,,,,,,,,,,,,,,,,,,,,,,,node,,,,,,,28.6338082,77.1794321
12205008401,Shiv Nagar Park,,,,,,,,,,,,,,,,,,,,park,,,,,,,,,,,,,,,,,,,,Mo-Su 05:00-22:30,,,,,,,,,,node,,,,,,,28.6534508,77.1892179
12211618701,Trikona Park,,,,,,,,,,,,,,,,,,,,park,,,,,,,,,,,,,,,,,,,,24/7,,,,,,,,,,node,,,,,,,28.6477817,77.1823209
24676525,,,,,,,,,,,,,,,,,,,,,park,,,,,,,,,,,,,,,,,,,,,,,,,,,,,,way,,,,,,,28.646417,77.1729268
44186065,,,,,,,,,,,,,,,,,,,grass,,park,,,,,,,,,,,,,,,,,,,,,,,,,,,,,,way,,,,,,,28.6136379,77.2119806
44186067,,,,,,,,,,,,,,,,,,,grass,,park,,,,,,,,,,,,,,,,,,,,,,,,,,,,,,way,,,,,,,28.6135861,77.2085988
44186069,,,,,,,,,,,,,,,,,,,grass,,park,,,,,,,,,,,,,,,,,,,,,,,,,,,,,,way,,,,,,,28.6142477,77.2075624
44315445,,,,,,,,,,,,,,,,,,,,-1,park,,,,,,,,,,,,,,,,,,,,,,,,,,,,,,way,,,,,,,28.5695058,77.2062016
44352051,National Police Memorial Complex,,,,,,,,,,,,,,,,,,,,park,,,,,,,,,,,,,,,,,,,,,,,,,,,,,,way,,,,Q60749722,"Category:National Police Memorial, New Delhi",en:National Police Memorial (India),28.6028159,77.1930469
58719250,India Gate Park,,,,,,,,,,,,,,,,,,grass,,park,,,,,,,,,,,,इंडिया गेट पार्क,,,,印度门,,,Prince's Park,,,,,,,,,,,way,,,,,,,28.6128891,77.2278411
77339781,Amir Khusro Park,,,,,,,,,,,,,,,,,,,,park,,,,,,,,,,,,अमीर खुसरो पार्क,,,,,,,,,,,,,,,,,,way,,,,,,,28.5966598,77.2409298
80418128,,,,,,,,,,,,,,,,,,,,,park,,,,,,,,,,,,,,,,,,,,,,,,,,,,,,way,,,,,,,28.6428361,77.2268955
80418134,,,,,,,,,,,,,,,,,,,,,park,,,,,,,,,,,,,,,,,,,,,,,,,,,,,,way,,,,,,,28.6379543,77.227958
80429793,Hindi Park,,,,,,,,,,,,,,,,,,,,park,,,,,,,,,,پارک هندی,,,,,,,,,,,,,,,,,,,,way,,,,,,,28.6422981,77.2414913
80429795,Atal Bihari Vajpayee Sadbhavna Park,,,,,,,,,,,,,,,,,,,,park,,,,,,,,,,,,,,,,,,,,,,,,,,,,,,way,,,,,,,28.6455154,77.246588
80429893,Raj Ghat,,,,,,,,Gandi Smriti,,,,,,,,,,,,park,,,راج غات,,,Memorial de Ghandi,,,,راج گات,,राज घाट,,,,甘地陵,,,,,,,,,,,,,,way,,,,Q1210083,Category:Rajghat,en:Raj Ghat and associated memorials,28.639501,77.2475444
80439675,Indraprastha Park,,,,,,,,,,,,,,,,,,,,park,,,,,,,,,,,,इंद्रप्रस्थ पार्क,,,,,,,,,,,,,,,,,,way,,,,Q6026969,Category:Indraprastha Park,en:Indraprastha Park,28.6104185,77.2513837
80439679,,,,,,,,,,,,,,,,,,,,,park,,,,,,,,,,,,,,,,,,,,,,,,,,,,,,way,,,,,,,28.6060507,77.244466
80442502,Lodhi Gardens,,,,,,,,,,,,,,,,,,,,park,,,حدائق لودي,Lodi-Gärten,,,,,,باغ‌های لودی,,लोधी उद्यान,,,,洛迪花园,,,,,,,,,,,,,,way,,,,Q2985076,Category:Lodi Gardens,en:Lodi Gardens,28.5898991,77.215817
80678169,Buddha Jayanti Park,,,,,,,,,,,,,,,,,,,,park,,,,,,,,,Q5348941,,,बुद्ध जयंती उद्यान,ബുദ്ധ ജയന്തി പാർക്ക്,,,佛陀纪念公园,,,,,,,,,,,,,,way,,,,Q4984155,,en:Buddha Jayanti Park,28.610569,77.1771761
80932741,,,,,,,,,,,,,,,,,,,,,park,,,,,,,,,,,,,,,,,,,,,,,,,,,,,,way,,,,,,,28.645324,77.1861306
80932743,,,,,,,,,,,,,,,,,,,,,park,,,,,,,,,,,,,,,,,,,,,,,,,,,,,,way,,,,,,,28.6451119,77.1846965
80932753,,,,,,,,,,,,,,,,,,,,,park,,,,,,,,,,,,,,,,,,,,,,,,,,,,,,way,,,,,,,28.6472176,77.1817021
80936821,,,,,,,,,,,,,,,,,,,,,park,,,,,,,,,,,,,,,,,,,,,,,,,,,,,,way,,,,,,,28.6546976,77.2056441
80936826,Ajmal Khan Park,,,,,,,,,,,,,,,,,,,,park,,,,,,,,,Q3595817,,,,,,,,,,,,,,,,,,,,,way,,,,Q19456690,,en:Ajmal Khan Park,28.6537195,77.199316
80950088,Safdarjung's Tomb,,,,,,,,,,,,,,,,,,,,park,,,مزار صفدر جنك,Grabmal Safdar Jangs,,,,,,مقبره صفدر جنگ,,सफ़दरजंग का मक़बरा,,,صفدر جنگ کا مقبره,,,,,,,,,,,,,,,way,,,,Q375624,,en:Tomb of Safdar Jang,28.5878946,77.21252
81352211,India Africa Friendship Rose Garden,,,,,,,,,,,,,,,,,,,,park,,,,,,,,,,,,,,,انڈیا افریقہ فرینڈشپ روز گارڈن,,,,,,,,,,,,,,,way,,,,,,,28.5879201,77.1857085
81352246,Singapore Park,,,,,,,,,,,,,,,,,,,,park,,,,,,,,,,,,,,,,,,,,,,,,,,,,,,way,,,,,,,28.5892081,77.1798692
81352253,,,,,,,,,,,,,,,,,,,,,park,,,,,,,,,,,,,,,,,,,,,,,,,,,,,,way,,,,,,,28.5819405,77.1961247
81352255,,,,,,,,,,,,,,,,,,,,,park,,,,,,,,,,,,,,,,,,,,,,,,,,,,,,way,,,,,,,28.581868,77.1974793
111697092,,,,,,,,,,,,,,,,,,,,,park,,,,,,,,,,,,,,,,,,,,,,,,,,,,,,way,,,,,,,28.6174912,77.2058208
132084114,Char Bagh Najaf Khan Tomb,,,,,,,,,,,,,,,,,,,,park,,,,,,,,,,آرامگاه چهار باغ نجف خان,,चार बाग नजफ खान मकबरा,,,,,,,,,,,,,,,,,,way,,,,,,,28.5817694,77.2126613
137823977,,,,,,,,,,,,,,,,,,,,,park,,,,,,,,,,,,,,,,,,,,,,,,,,,,,,way,,,,,,,28.6454238,77.182404
138947067,,,,,,,,,,,,,,,,,,,,,park,,,,,,,,,,,,,,,,,,,,,,,,,,,,,,way,,,,,,,28.6183082,77.20228
154365152,,,,,,,,,,,,,,,Rajindra Park,,,,,,park,,,,,,,,,,,,,,,,,,,,,,,,,,,,,,way,,,,,,,28.641782,77.1752485
158036606,Sindhi Park,,,,,,,,,,,,,,,,,,,,park,,,,,,,,,,,,,,,,,,,,,,,,,,,,,,way,,,,,,,28.6408347,77.1868705
158044047,,,,,,,,,,,,,,,,,,,,,park,,,,,,,,,,,,,,,,,,,,,,,,,,,,,,way,,,,,,,28.6418406,77.1744229
163778460,,,,,,,,,,,,,,,,,yes,,,,park,,,,,,,,,,,,,,,,,,,,,,,,,,,,,,way,,,,,,,28.588713,77.2471019
164675825,Rajiv Chowk Central Park,,,,,,,,,,,,,,,,,,,,park,,,,,,,,,,,,राजीव चौक सेंट्रल पार्क,രാജീവ് ചൗക്ക് സെൻട്രൽ പാർക്ക്,,,,,,,,,,,,,,,,attraction,way,,,,,"Category:Central_Park,_New_Delhi",,28.6332962,77.2207537
164682370,,,,,,,,,,,,,,,,,,,,,park,,,,,,,,,,,,,,,,,,,,,,,,,,,,,,way,,,,,,,28.620306,77.2190262
206479422,,,,,,,,,,,,,,,,,,,,,park,,,,,,,,,,,,,,,,,,,,,,,,,,,,,,way,,,,,,,28.6472948,77.1842443
206479423,,,,,,,,,,,,,,,,,,,,,park,,,,,,,,,,,,,,,,,,,,,,,,,,,,,,way,,,,,,,28.6470265,77.1840565
206479424,,,,,,,,,,,,,,,,,,,,,park,,,,,,,,,,,,,,,,,,,,,,,,,,,,,,way,,,,,,,28.6463109,77.1821039
213847283,,,,,,,,,,,,,,,,,,,,,park,,,,,,,,,,,,,,,,,,,,,,,,,,,,,,way,,,,,,,28.624524,77.2400065
228137190,Jheel Park,yes,,,,,,,,,Kangal Shah Bagh,,,,,yes,,,,,park,surface,,,,,,,,,,,,,,,,,"MP Green Area, Kitchener Lake, Dhaula Kuan",Company Bagh,,Delhi Development Authority,,surface,,,,,private,,way,,,limited,,,,28.5857722,77.1605622
231369838,,,,,,,,,,,,,,,,,,,,,park,,,,,,,,,,,,,,,,,,,,,,,,,Bing,,,,,way,,,,,,,28.647424,77.1767825
231369851,Chawla Park,,,,,,,,,,,,,,,,,,,,park,,,,,,,,,,,,,,,,,,,,,,,,,Bing,,,,,way,,,,,,,28.6482272,77.175508
231414759,Prasad Nagar Park,,,,,,,,,,,,,,,,,,,,park,,,,,,,,,,,,,,,,,,,,,,,,,Bing,,,,,way,,,,,,,28.646052,77.1772489
259169046,Guru Nanak Dev Park,,,,,,,,,,,,,,,,,,,,park,,,,,,,,,Q83322,,,,,,,,,,Shastri Park,Mo-Su 05:00-10:00; Mo-Su 17:00-21:30,,,,,,,,,,way,,,,,,,28.6459652,77.1921035
264768413,,,,,,,,,,,,,,,,,,,,,park,,,,,,,,,,,,,,,,,,,,,,,,,,,,,,way,,,,,,,28.6550342,77.2382533
265828158,,,,,,,,,,,,,,,,,,,,,park,,,,,,,,,,,,,,,,,,,,,,,,,,,,,,way,,,,,,,28.5731876,77.2197514
266768779,Purdah Bagh,,,,,,,,,,,,,,,,,,,,park,,,,,,,,,,,,पर्दा बाग,,,,,,,,,,,,,,,,,,way,,,,,,,28.6486985,77.2402255
266778950,,,,,,,,,,,,,,,,,,,,,park,,,,,,,,,,,,,,,,,,,,,,,,,,,,,,way,,,,,,,28.6498017,77.2365393
266778951,,,,,,,,,,,,,,,,,,,,,park,,,,,,,,,,,,,,,,,,,,,,,,,,,,,,way,,,,,,,28.6506905,77.235072
266778952,,,,,,,,,,,,,,,,,,,,,park,,,,,,,,,,,,,,,,,,,,,,,,,,,,,,way,,,,,,,28.6508102,77.2350482
266778953,,,,,,,,,,,,,,,,,,,,,park,,,,,,,,,,,,,,,,,,,,,,,,,,,,,,way,,,,,,,28.6509502,77.2359948
276292145,,,,,,,,,,,,wall,,,,,,,,,park,,,,,,,,,,,,,,,,,,,,,,,,,,,,,,way,,,,,,,28.5858327,77.1701617
284169201,,,,,,,,,,,,wall,,,,,,,,,park,,,,,,,,,,,,,,,,,,,,,,,,,,,,,,way,,,,,,,28.628277,77.2066065
284185497,,,,,,,,,,,,,,,,,,,,,park,,,,,,,,,,,,,,,,,,,,,,,,,,,,,,way,,,,,,,28.6280207,77.2068611
287238610,RBI Park,,New Delhi,,,,,110023,"Lane K, RBI Staff Quarters, Sarojini Nagar",,,,,,,,,,,,park,,,,,,,,,,,,,,,,,,,,,,,,,,,,,,way,,,,,,,28.5780508,77.1919004
289747211,Deen Dayal Upadhyay Park,,,,,,,,,,,wall,,,,,,,,,park,,brick,,,,,,,Q3631426,,,,,,,,,,,,,,,,,,,,,way,brick,,,,,,28.6337507,77.2301975
289747212,Deen Dayal Upadhyay Park,,,,,,,,,,,wall,,,,,,,,,park,,brick,,,,,,,Q3631426,,,,,,,,,,,,,,,,,,,,,way,brick,,,,,,28.6347401,77.2285652
292194579,,,,,,,,,,,,wall,,,,,,,,,park,,,,,,,,,,,,,,,,,,,,,,,,,,,,,,way,,,,,,,28.6093196,77.2378122
292194582,,,,,,,,,,,,wall,,,,,,,,,park,,,,,,,,,,,,,,,,,,,,,,,,,,,,,,way,,,,,,,28.6041975,77.2406816
292194583,,,,,,,,,,,,wall,,,,,,,,,park,,,,,,,,,,,,,,,,,,,,,,,,,,,,,,way,,,,,,,28.5998435,77.2426104
292194584,,,,,,,,,,,,wall,,,,,,,,,park,,,,,,,,,,,,,,,,,,,,,,,,,,,,,,way,,,,,,,28.5987555,77.2426654
292194586,,,,,,,,,,,,wall,,,,,,,,,park,,,,,,,,,,,,,,,,,,,,,,,,,,,,,,way,,,,,,,28.6038898,77.2423186
292194587,,,,,,,,,,,,wall,,,,,,,,,park,,,,,,,,,,,,,,,,,,,,,,,,,,,,,,way,,,,,,,28.5991224,77.2409561
292194588,,,,,,,,,,,,wall,,,,,,,,,park,,,,,,,,,,,,,,,,,,,,,,,,,,,,,,way,,,,,,,28.6001288,77.2413327
292194589,,,,,,,,,,,,wall,,,,,,,,,park,,,,,,,,,,,,,,,,,,,,,,,,,,,,,,way,,,,,,,28.6034866,77.2410858
292194590,,,,,,,,,,,,wall,,,,,,,,,park,,,,,,,,,,,,,,,,,,,,,,,,,,,,,,way,,,,,,,28.6024213,77.2407281
292194591,,,,,,,,,,,,wall,,,,,,,,,park,,,,,,,,,,,,,,,,,,,,,,,,,,,,,,way,,,,,,,28.6028195,77.2415903
292194592,,,,,,,,,,,,wall,,,,,,,,,park,,,,,,,,,,,,,,,,,,,,,,,,,,,,,,way,,,,,,,28.6049856,77.2422454
292194593,,,,,,,,,,,,wall,,,,,,,,,park,,,,,,,,,,,,,,,,,,,,,,,,,,,,,,way,,,,,,,28.6005571,77.2417317
292988259,Moola Mal Bhatia Park,yes,Old Rajinder Nagar,110060,,,,110060,Sir Ganga Ram Hospital Marg,,,,,,,,,,,,park,,,,,,,,,,,,,,,,,,,,sunrise-sunset,,,,,,,,,,way,,,,,,,28.6380464,77.1875919
317310815,,,,,,,,,,,,,,,,,,,,,park,,,,,,,,,,,,,,,,,,,,,,,,,,,,,,way,,,,,,,28.6234797,77.2124274
335305068,Jhoola Ground,,,,,,,,,,,,,,,,,,,,park,,,,,,,,,,,,,,,,,,,,,,,,,,,,,,way,,,,,,,28.6055681,77.2375994
335305069,,,,,,,,,,,,,,,,,,,,,park,,,,,,,,,,,,,,,,,,,,,,,,,,,,,,way,,,,,,,28.6036724,77.2381217
335305070,,,,,,,,,,,,,,,,,,,,,park,,,,,,,,,,,,,,,,,,,,,,,,,,,,,,way,,,,,,,28.6021089,77.2395883
335305071,,,,,,,,,,,,,,,,,,,,,park,,,,,,,,,,,,,,,,,,,,,,,,,,,,,,way,,,,,,,28.6024497,77.2397916
335305072,,,,,,,,,,,,,,,,,,,,,park,,,,,,,,,,,,,,,,,,,,,,,,,,,,,,way,,,,,,,28.6047598,77.2397731
335305073,,,,,,,,,,,,,,,,,,,,,park,,,,,,,,,,,,,,,,,,,,,,,,,,,,,,way,,,,,,,28.5988609,77.2400881
335305074,,,,,,,,,,,,,,,,,,,,,park,,,,,,,,,,,,,,,,,,,,,,,,,,,,,,way,,,,,,,28.606675,77.239426
357288760,,,,,,,,,,,,,,,,,,,,,park,,,,,,,,,,,,,,,,,,,,,,,,,,,,,,way,,,,,,,28.6337144,77.1812593
357288761,,,,,,,,,,,,,,,,,,,,,park,,,,,,,,,,,,,,,,,,,,,,,,,,,,,,way,,,,,,,28.6325593,77.1804713
357288762,Sita Mata Park,,,,,,,,,,,,,,,,,,,,park,,,,,,,,,Q191114,,,,,,,,,,,,,,,,,,,,,way,,,,,,,28.6332189,77.1794773
357288763,,,,,,,,,,,,,,,,,,,,,park,,,,,,,,,,,,,,,,,,,,,,,,,,,,,,way,,,,,,,28.6334194,77.1788134
357288764,,,,,,,,,,,,,,,,,,,,,park,,,,,,,,,,,,,,,,,,,,,,,,,,,,,,way,,,,,,,28.6322228,77.1780924
359561724,,,,,,,,,,,,,,,,,,,,,park,,,,,,,,,,,,,,,,,,,,,,,,,,,,,,way,,,,,,,28.6002668,77.2177785
359796538,,,,,,,,,,,,,,,,,,,grass,,park,,,,,,,,,,,,,,,,,,,,,,,,,,,,,,way,,,,,,,28.6115434,77.1955854
359805859,,,,,,,,,,,,,,,,,,,,,park,,,,,,,,,,,,,,,,,,,,,,,,,,,,,,way,,,,,,,28.6174071,77.2006976
359819827,,,,,,,,,,,,,,,,,,,,,park,,,,,,,,,,,,,,,,,,,,,,,,,,,,,,way,,,,,,,28.6019567,77.192789
359830631,,,,,,,,,,,,,,,,,,,,,park,,,,,,,,,,,,,,,,,,,,,,,,,,,,,,way,,,,,,,28.5978153,77.1911992
359830632,,,,,,,,,,,,,,,,,,,,,park,,,,,,,,,,,,,,,,,,,,,,,,,,,,,,way,,,,,,,28.5980393,77.1906715
370533491,,,,,,,,,,,,,,,,,,,,,park,,,,,,,,,,,,,,,,,,,,,,,,,,,,,,way,,,,,,,28.6009347,77.2052121
370533492,,,,,,,,,,,,,,,,,,,,,park,,,,,,,,,,,,,,,,,,,,,,,,,,,,,,way,,,,,,,28.5958018,77.1983945
370534203,,,,,,,,,,,,,,,,,,,,,park,,,,,,,,,,,,,,,,,,,,,,,,,,,,,,way,,,,,,,28.5983689,77.1875897
370546792,,,,,,,,,,,,,,,,,,,,,park,,,,,,,,,,,,,,,,,,,,,,,,,,,,,,way,,,,,,,28.6073652,77.2052464
370546793,,,,,,,,,,,,,,,,,,,,,park,,,,,,,,,,,,,,,,,,,,,,,,,,,,,,way,,,,,,,28.6044221,77.1988634
370715077,,,,,,,,,,,,,,,,,,,,,park,,,,,,,,,,,,,,,,,,,,,,,,,,,,,,way,,,,,,,28.6121064,77.2054755
370716732,,,,,,,,,,,,,,,,,,,,,park,,,,,,,,,,,,,,,,,,,,,,,,,,,,,,way,,,,,,,28.6113669,77.206175
370737759,,,,,,,,,,,,,,,,,,,,,park,,,,,,,,,,,,,,,,,,,,,,,,,,,,,,way,,,,,,,28.6105836,77.2055629
370737760,Prime Chowk,,,,,,,,,,,,,,,,,,,,park,,,,,,,,,,,,,,,پرائم چوک,,,,,,,,,,,,,,,way,,,,,,,28.6088722,77.2083781
370741566,,,,,,,,,,,,,,,,,,,grass,,park,,,,,,,,,,,,,,,,,,,,,,,,,,,,,,way,,,,,,,28.6139694,77.2095042
370765170,,,,,,,,,,,,,,,,,,,,,park,,,,,,,,,,,,,,,,,,,,,,,,,,,,,,way,,,,,,,28.6288856,77.235446
370902434,,,,,,,,,,,,,,,,,,,,,park,,,,,,,,,,,,,,,,,,,,,,,,,,,,,,way,,,,,,,28.6067116,77.2292414
370903615,,,,,,,,,,,,,,,,,,,,,park,,,,,,,,,,,,,,,,,,,,,,,,,,,,,,way,,,,,,,28.6032607,77.2237087
370908547,,,,,,,,,,,,,,,,,,,,,park,,,,,,,,,,,,,,,,,,,,,,,,,,,,,,way,,,,,,,28.6065401,77.2175413
370947966,Pandara Road Colony Park,,,,,,,,,,,,,,,,,,,,park,,,,,,,,,,,,,,,,,,,,,NDMC,,,,,,,,,way,yes,,,,,,28.6052351,77.2289748
402859108,,,,,,,,,,,,,,,,,,,,,park,,,,,,,,,,,,,,,,,,,,,,,,,,,,,,way,,,,,,,28.5823466,77.1948136
402859113,,,,,,,,,,,,,,,,,,,,,park,,,,,,,,,,,,,,,,,,,,,,,,,,,,,,way,,,,,,,28.5844853,77.1947715
402859115,,,,,,,,,,,,,,,,,,,,,park,,,,,,,,,,,,,,,,,,,,,,,,,,,,,,way,,,,,,,28.5848315,77.1935763
402859116,,,,,,,,,,,,,,,,,,,,,park,,,,,,,,,,,,,,,,,,,,,,,,,,,,,,way,,,,,,,28.583682,77.1924624
414777308,Nehru Park,,,,,,,,,,,,,,,,,,,,park,,,,,,,,,Q1047,,,,,,,,,,,,,,,,,,,,,way,,,,,,,28.6340364,77.1807897
427196474,,,,,,,,,,,,,,,,,,,,,park,,,,,,,,,,,,,,,,,,,,,,,,,,,,,,way,,,,,,,28.6341678,77.1674951
427196482,Vishnu Garden,,,,,,,,,,,,,,,,,,,,park,,,,,,,,,,,,,,,,,,,,,,,,,,,,,,way,,,,,,,28.6366465,77.1759297
437448251,Jhandewalan Extension Park,,,,,,,,,,,,,,,,,,,,park,,,,,,,,,,,,,,,,,,,,,,,,,,,,,,way,,,,,,,28.6461062,77.2021034
464253915,Lok Nayak Jaya Prakash Narayan Memorial Park,,,,,,,,,,,,,,,,,,,,park,,,,,,,,,,,,,,,,,,,,,,,,,,,,,,way,,,,,,,28.6353082,77.2413218
485053607,Palika Park,,,,,,,,,,,,,,,,,,,,park,,,,,,,,,,,,पालिका पार्क,,,,,,,,,,,,,,,,,,way,,,,,,,28.6302969,77.2193951
485540372,Sanjay Park,,,,,,,,,,Lake Park,,,,,,,,,,park,,,,,,,,,,,,,,,,,,,,,,,,,,,,,,way,,,,,,,28.5804477,77.2043658
486702889,Commonwealth Games Park,,,,,,,,,,,,,,,,,,,,park,,,,,,,,,,,,,,,,,,,,,,,,,,,,,,way,,,,,,,28.5795304,77.1911385
533569843,,,,,,,,,,,,,,,,,,,,,park,,,,,,,,,,,,,,,,,,,,,,,,,,,,,,way,,,,,,,28.585737,77.2294664
533569844,Ajay Ahuja Park,,,,,,,,,,,,,,,,,,,,park,,,,,,,,,Q4699625,,,,,,,,,,,,,,,,,,,,,way,,,,,,,28.586374,77.2317325
533569848,,,,,,,,,,,,,,,,,,,,,park,,,,,,,,,,,,,,,,,,,,,,,,,,,,,,way,,,,,,,28.5794012,77.2418743
546331088,,,,,,,,,,,,,,,,,,,,,park,,,,,,,,,,,,,,,,,yes,,,,,,,,,,,,,way,,,,,,,28.6204975,77.2065546
553845693,Talkatora Gardens,,,,,,,,,,,,,,,,,,,,park,,,,,,,,,,,,तालकटोरा उद्यान,,,,,,,,,,,,,,,,,,way,,,,Q7679719,,en:Talkatora Gardens,28.6256576,77.1917268
558832166,Tikona Park,,,,,,,,,,,fence,,,,,,,,,park,,,,,,,,,,,,,,,,,,,,,,,,,,,,,,way,,,,,,,28.6461658,77.1954518
570745079,Veer Savarkar Park,,,,,,,,,,,,,,,,,,,,park,,,,,,,,,Q471040,,,,,,,,,,,,,,,,,,,,,way,,,,,,,28.5843998,77.2225482
610486624,Rajendra Park,,,,,,,,,,,,,,,,,,,,park,,,,,,,,,,,,,,,,,,,,,,,,,,,,,,way,,,,,,,28.6411318,77.1772612
645626914,,,,,,,,,,,,,,,,,,,,,park,,,,,,,,,,,,,,,,,,,,,,,,,,,,,,way,,,,,,,28.5883666,77.2507672
645626915,,,,,,,,,,,,,,,,,,,,,park,,,,,,,,,,,,,,,,,,,,,,,,,,,,,,way,,,,,,,28.5911816,77.2497553
645626916,Jhulewala Park,,,,,,,,,,,,,,,,,,,,park,,,,,,,,,,,,,,,,,,,,,,,,,,,,,,way,,,,,,,28.5904627,77.248667
645626917,,,,,,,,,,,,,,,,,,,,,park,,,,,,,,,,,,,,,,,,,,,,,,,,,,,,way,,,,,,,28.5890991,77.2513935
645626922,,,,,,,,,,,,,,,,,,,,,park,,,,,,,,,,,,,,,,,,,,,,,,,,,,,,way,,,,,,,28.5885186,77.2491056
645626923,,,,,,,,,,,,fence,,,,,,,,,park,,,,,,,,,,,,,,,,,,,,,,,,,,,,,,way,,,,,,,28.5909616,77.250787
649068771,,,,,,,,,,,,,,,,,,,,,park,,,,,,,,,,,,,,,,,,,,,,,,,,,,,,way,,,,,,,28.5734459,77.2301861
649068772,,,,,,,,,,,,,,,,,,,,,park,,,,,,,,,,,,,,,,,,,,,,,,,,,,,,way,,,,,,,28.5739721,77.2301373
649068773,,,,,,,,,,,,,,,,,,,,,park,,,,,,,,,,,,,,,,,,,,,,,,,,,,,,way,,,,,,,28.5740088,77.2315367
649068774,,,,,,,,,,,,,,,,,,,,,park,,,,,,,,,,,,,,,,,,,,,,,,,,,,,,way,,,,,,,28.5734968,77.2313852
649068775,,,,,,,,,,,,,,,,,,,,,park,,,,,,,,,,,,,,,,,,,,,,,,,,,,,,way,,,,,,,28.5740344,77.2318864
649068777,,,,,,,,,,,,,,,,,,,,,park,,,,,,,,,,,,,,,,,,,,,,,,,,,,,,way,,,,,,,28.5741601,77.2308375
649068778,,,,,,,,,,,,,,,,,,,,,park,,,,,,,,,,,,,,,,,,,,,,,,,,,,,,way,,,,,,,28.5739979,77.2307709
651655601,District Park Nanakpura,,,,,,,,,,,,,,,,,,,,park,,,,,,,,,,,,,,,,,,,,,,,,,,,,,,way,,,,,,,28.5843121,77.1723381
658679862,,,,,,,,,,,,,,,,,,,,,park,,,,,,,,,,,,,,,,,,,,,,,,,,,,,,way,,,,,,,28.5911999,77.2516952
660123511,,,,,,,,,,,,,,,,,,,,,park,,,,,,,,,,,,,,,,,,,,,,,,,,,,,,way,,,,,,,28.5907184,77.2521135
660123517,,,,,,,,,,,,,,,,,,,,,park,,,,,,,,,,,,,,,,,,,,,,,,,,,,,,way,,,,,,,28.5898727,77.2517215
660123525,,,,,,,,,,,,,,,,,,,,,park,,,,,,,,,,,,,,,,,,,,,,,,,,,,,,way,,,,,,,28.5906438,77.2514382
660123526,,,,,,,,,,,,,,,,,,,,,park,,,,,,,,,,,,,,,,,,,,,,,,,,,,,,way,,,,,,,28.5902551,77.2517037
661138646,,,,,,,,,,,,,,,,,,,,,park,,,,,,,,,,,,,,,,,,,,,,,,,,,,,,way,,,,,,,28.583231,77.1989644
661138687,BRICS Friendship Rose Garden,,,,,,,,,,,,,,,,,,,,park,,,,,,,,,,,,,,,,,,,,,,,,,,,,,,way,,,,,,,28.5870866,77.1855399
663067896,,,,,,,,,,,,,,,,,,,,,park,,,,,,,,,,,,,,,,,,,,,,,,,,,,,,way,,,,,,,28.5908102,77.2486187
665150686,Ambedkar Park,,,,,,,,,,,,,,,,,,,,park,,,,,,,,,Q231690,,,,,,,,,,,,,,,,,,,,,way,,,,,,,28.6413411,77.175024
665150687,Pusa Harit Kranti Park,,,,,,,,,,,,,,,,,,,,park,,,,,,,,,,,,,,,,,,,,,,,,,,,,,,way,,,,,,,28.6414946,77.1743444
678829611,,,,,,,,,,,,,,,,,,,,,park,,,,,,,,,,,,,,,,,,,,,,,,,,Esri World Imagery Clarity (Beta),,,,way,,,,,,,28.5824631,77.2391137
697101341,Children's Park,,,,,,,,,,,,,,,,,,,,park,,,,Kinderpark,,,,,,پارک کودکان,Parc pour enfants,शिशु उद्यान,,,بچوں پارک,,,,,Su-Sa 09:30-17:30,,,,,,,,,,way,,,,,,,28.6103997,77.2295183
699609065,VIP Park,,,,,,,,,,,,,,,,,,,,park,,,,,,,,,,,,,,,وی آئی پی پارک,,,,,,,,,,,,,,,way,,,,,,,28.6180934,77.2375232
700260812,,,,,,,,,,,,,,,,,,,,,park,,,,,,,,,,,,,,,,,,,,,,,,,,,,,,way,,,,,,,28.5971811,77.1904169
700261791,,,,,,,,,,,,,,,,,,,,,park,,,,,,,,,,,,,,,,,,,,,,,,,,,,,,way,,,,,,,28.6089449,77.1984943
700293873,Mandi House Gol Chakkar Park,,,,,,,,,,,,,,,,,,,,park,,,,,,,,,,,,मंडी हाउस गोल चक्कर,,,,,,Rotary Number 6,,,,,,,,,,,,way,,,,,,,28.6255443,77.2315713
700293882,Bengali Market Park,,,,,,,,,,,,,,,,,,,,park,,,,,,,,,,پارک فروشگاه بنگالی,,बंगाली मार्केट पार्क,,,,,,,,,,,,,,,,,,way,,,,,,,28.6312474,77.2300569
700298283,,,,,,,,,,,,,,,,,,,,,park,,,,,,,,,,,,,,,,,,,,,,,,,,,,,,way,,,,,,,28.6308766,77.2109488
700305761,RWA Central Park,,,,,,,,,,,,,,,,,,,,park,,,,,,,,,,,,,,,,,,,,,,,,,,,,,,way,,,,,,,28.6290568,77.2031302
700310538,BK Ganjoo Memorial Park,,,,,,,,,,,,,,,,,,,,park,,,,,,,,,,,,,,,,,,,,,,,,,,,,,,way,,,,,,,28.6305814,77.201869
700310539,,,,,,,,,,,,,,,,,,,,,park,,,,,,,,,,,,,,,,,,,,,,,,,,,,,,way,,,,,,,28.5836119,77.1806863
700310540,,,,,,,,,,,,,,,,,,,,,park,,,,,,,,,,,,,,,,,,,,,,,,,,,,,,way,,,,,,,28.583301,77.1824941
700310541,,,,,,,,,,,,,,,,,,,,,park,,,,,,,,,,,,,,,,,,,,,,,,,,,,,,way,,,,,,,28.589607,77.1826521
708281601,,,,,,,,,,,,,,,,,,,,,park,,,,,,,,,,,,,,,,,,,,,,,,,,,,,,way,,,,,,,28.5812064,77.1871895
708281602,,,,,,,,,,,,,,,,,,,,,park,,,,,,,,,,,,,,,,,,,,,,,,,,,,,,way,,,,,,,28.5788793,77.1836168
708281607,,,,,,,,,,,,,,,,,,,,,park,,,,,,,,,,,,,,,,,,,,,,,,,,,,,,way,,,,,,,28.6005091,77.1854964
708281608,,,,,,,,,,,,,,,,,,,,,park,,,,,,,,,,,,,,,,,,,,,,,,,,,,,,way,,,,,,,28.5999599,77.1867538
708281609,,,,,,,,,,,,,,,,,,,,,park,,,,,,,,,,,,,,,,,,,,,,,,,,,,,,way,,,,,,,28.5992159,77.1887816
708433699,,,,,,,,,,,,,,,,,,,,,park,,,,,,,,,,,,,,,,,,,,,,,,,,,,,,way,,,,,,,28.5867793,77.1952694
708433700,,,,,,,,,,,,,,,,,,,,,park,,,,,,,,,,,,,,,,,,,,,,,,,,,,,,way,,,,,,,28.6015597,77.1831726
708433703,,,,,,,,,,,,,,,,,,,,,park,,,,,,,,,,,,,,,,,,,,,,,,,,,,,,way,,,,,,,28.600921,77.1845326
708433704,,,,,,,,,,,,,,,,,,,,,park,,,,,,,,,,,,,,,,,,,,,,,,,,,,,,way,,,,,,,28.6019317,77.1850046
708433705,,,,,,,,,,,,,,,,,,,,,park,,,,,,,,,,,,,,,,,,,,,,,,,,,,,,way,,,,,,,28.6042329,77.187277
708433708,,,,,,,,,,,,,,,,,,,,,park,,,,,,,,,,,,,,,,,,,,,,,,,,,,,,way,,,,,,,28.6042361,77.1939342
708488756,,,,,,,,,,,,,,,,,,,,,park,,,,,,,,,,,,,,,,,,,,,,,,,,,,,,way,,,,,,,28.6110897,77.1989862
710522942,,,,,,,,,,,,,,,,,,,,,park,,,,,,,,,,,,,,,,,,,,,,,,,,,,,,way,,,,,,,28.604021,77.2112176
712992084,,,,,,,,,,,,,,,,,,,,,park,,,,,,,,,,,,,,,,,,,,,,,,,,,,,,way,,,,,,,28.6268183,77.2335156
714492369,,,,,,,,,,,,,,,,,,,,,park,,,,,,,,,,,,,,,,,,,,,,,,,,,,,,way,,,,,,,28.5846128,77.2249868
714495782,Thyagaraj Park,,New Delhi,,Thyagaraj Park,,Indian National Airways,110003,,,,,,,,,,,,,park,,,,,,,,,Q2044389,,,त्यागराज पार्क,,,,,,,,,,,,,,,,,,way,,,,,,,28.5786236,77.2143717
714986195,,,,,,,,,,,,,,,,,,,,,park,,,,,,,,,,,,,,,,,,,,,,,,,,,,,,way,,,,,,,28.6528036,77.2154574
717850876,,,,,,,,,,,,,,,,,,,,,park,,,,,,,,,,,,,,,,,,,,,,,,,,,,,,way,,,,,,,28.6469665,77.1877311
743195666,,,,,,,,,,,,,,,,,,,,,park,,,,,,,,,,,,,,,,,,,,,,,,,,,,,,way,,,,,,,28.6363368,77.2191645
761311234,Keshav Park,,,,,,,,,,,,,,,,,,,,park,,,,,,,,,,,,,,,,,,,,,,,,,,,,,,way,,,,,,,28.5773172,77.195333
777925962,,,,,,,,,,,,,,,,,,,,,park,,,,,,,,,,,,,,,,,,,,,,,,,,,,,,way,,,,,,,28.5776531,77.2363477
777925967,,,,,,,,,,,,,,,,,,,,,park,,,,,,,,,,,,,,,,,,,,,,,,,,,,,,way,,,,,,,28.575773,77.2344748
777925969,,,,,,,,,,,,,,,,,,,,,park,,,,,,,,,,,,,,,,,,,,,,,,,,,,,,way,,,,,,,28.5753137,77.2340161
814963000,,,,,,,,,,,,,,,,,,,,,park,,,,,,,,,,,,,,,,,,,,,,,,,,,,,,way,,,,,,,28.5880241,77.2279908
814963001,,,,,,,,,,,,,,,,,,,,,park,,,,,,,,,,,,,,,,,,,,,,,,,,,,,,way,,,,,,,28.588745,77.2295683
814963002,,,,,,,,,,,,,,,,,,,,,park,,,,,,,,,,,,,,,,,,,,,,,,,,,,,,way,,,,,,,28.5890653,77.2306144
814963003,,,,,,,,,,,,,,,,,,,,,park,,,,,,,,,,,,,,,,,,,,,,,,,,,,,,way,,,,,,,28.5846721,77.2316393
815396487,,,,,,,,,,,,,,,,,,,,,park,,,,,,,,,,,,,,,,,,,,,,,,,,,,,,way,,,,,,,28.5929213,77.2306237
815396488,,,,,,,,,,,,,,,,,,,,,park,,,,,,,,,,,,,,,,,,,,,,,,,,,,,,way,,,,,,,28.5934992,77.2309595
815396489,,,,,,,,,,,,,,,,,,,,,park,,,,,,,,,,,,,,,,,,,,,,,,,,,,,,way,,,,,,,28.5946084,77.2304526
815396490,,,,,,,,,,,,,,,,,,,,,park,,,,,,,,,,,,,,,,,,,,,,,,,,,,,,way,,,,,,,28.5946108,77.23093
815396491,,,,,,,,,,,,,,,,,,,,,park,,,,,,,,,,,,,,,,,,,,,,,,,,,,,,way,,,,,,,28.5957341,77.230458
815396492,,,,,,,,,,,,,,,,,,,,,park,,,,,,,,,,,,,,,,,,,,,,,,,,,,,,way,,,,,,,28.5961157,77.2309113
815396493,,,,,,,,,,,,,,,,,,,,,park,,,,,,,,,,,,,,,,,,,,,,,,,,,,,,way,,,,,,,28.5962522,77.2309139
815396494,,,,,,,,,,,,,,,,,,,,,park,,,,,,,,,,,,,,,,,,,,,,,,,,,,,,way,,,,,,,28.5970035,77.2303855
815396495,,,,,,,,,,,,,,,,,,,,,park,,,,,,,,,,,,,,,,,,,,,,,,,,,,,,way,,,,,,,28.5981551,77.2303265
815396496,,,,,,,,,,,,,,,,,,,,,park,,,,,,,,,,,,,,,,,,,,,,,,,,,,,,way,,,,,,,28.5981669,77.230863
815396497,,,,,,,,,,,,,,,,,,,,,park,,,,,,,,,,,,,,,,,,,,,,,,,,,,,,way,,,,,,,28.5993985,77.2307959
815396498,,,,,,,,,,,,,,,,,,,,,park,,,,,,,,,,,,,,,,,,,,,,,,,,,,,,way,,,,,,,28.6000061,77.2307691
815396499,,,,,,,,,,,,,,,,,,,,,park,,,,,,,,,,,,,,,,,,,,,,,,,,,,,,way,,,,,,,28.5998554,77.2302407
815396500,,,,,,,,,,,,,,,,,,,,,park,,,,,,,,,,,,,,,,,,,,,,,,,,,,,,way,,,,,,,28.6007879,77.2292885
815396501,,,,,,,,,,,,,,,,,,,,,park,,,,,,,,,,,,,,,,,,,,,,,,,,,,,,way,,,,,,,28.5846819,77.2278441
819046421,,,,,,,,,,,,,,,,,,,,,park,,,,,,,,,,,,,,,,,,,,,,,,,,,,,,way,,,,,,,28.5697481,77.1902764
819046425,,,,,,,,,,,,,,,,,,,,,park,,,,,,,,,,,,,,,,,,,,,,,,,,,,,,way,,,,,,,28.5771567,77.2334724
819046427,,,,,,,,,,,,,,,,,,,,,park,,,,,,,,,,,,,,,,,,,,,,,,,,,,,,way,,,,,,,28.5773074,77.2320669
819046428,,,,,,,,,,,,,,,,,,,,,park,,,,,,,,,,,,,,,,,,,,,,,,,,,,,,way,,,,,,,28.5772886,77.2305058
819046429,,,,,,,,,,,,,,,,,,,,,park,,,,,,,,,,,,,,,,,,,,,,,,,,,,,,way,,,,,,,28.5744102,77.2304039
819046430,Durga Puja park,,,,,,,,,,,,,,,,,,,,park,,,,,,,,,,,,,,,,,,,,,,,,,,,,,,way,,,,,,,28.5750386,77.2314349
819742098,,,,,,,,,,,,,,,,,,,,,park,,,,,,,,,,,,,,,,,,,,,,,,,,,,,,way,,,,,,,28.5840534,77.228677
963965352,,,,,,,,,,,,,,,,,,,,,park,,,,,,,,,,,,,,,,,,,,Radhe Park,,,,,,,,,,way,,,,,,,28.6311769,77.1760458
1034066933,,,,,,,,,,,,,,,,,,,grass,,park,,,,,,,,,,,,,,,,,,,,,,,,,,,,,,way,,,,,,,28.6130944,77.2279084
1034067275,,,,,,,,,,,,,,,,,,,grass,,park,,,,,,,,,,,,,,,,,,,,,,,,,,,,,,way,,,,,,,28.6127384,77.2319468
1034067339,,,,,,,,,,,,,,,,,,,,,park,,,,,,,,,,,,,,,,,,,,,,,,,,,,,,way,,,,,,,28.6108785,77.2323993
1034067799,,,,,,,,,,,,,,,,,,,grass,,park,,,,,,,,,,,,,,,,,,,,,,,,,,,,,,way,,,,,,,28.6126164,77.2342812
1034068002,,,,,,,,,,,,,,,,,,,grass,,park,,,,,,,,,,,,,,,,,,,,,,,,,,,,,,way,,,,,,,28.6128628,77.2319558
1034069165,,,,,,,,,,,,,,,,,,,grass,,park,,,,,,,,,,,,,,,,,,,,,,,,,,,,,,way,,,,,,,28.6127927,77.2341991
1034069270,,,,,,,,,,,,,,,,,,,grass,,park,,,,,,,,,,,,,,,,,,,,,,,,,,,,,,way,,,,,,,28.6150073,77.2329387
1034069905,,,,,,,,,,,,,,,,,,,grass,,park,,,,,,,,,,,,,,,,,,,,,,,,,,,,,,way,,,,,,,28.6135384,77.230885
1097044281,,,,,,,,,,,,,,,,,,,,,park,,,,,,,,,,,,,,,,,,,,,,,,,,,,,,way,,,,,,,28.5754106,77.2307333
1097044282,,,,,,,,,,,,,,,,,,,,,park,,,,,,,,,,,,,,,,,,,,,,,,,,,,,,way,,,,,,,28.5765463,77.2301902
1116351091,East Kidwai Nagar - Eco Park,,,,,,,,,,,,,,,,,,,,park,,,,,,,,,,,,,,,,,,,,,,,,EKN - Eco Park,,,,,,way,,,,,,,28.5715839,77.2173816
1116351092,,,,,,,,,,,,,,,,,,,,,park,,,,,,,,,,,,,,,,,,,,,,,,,,,,,,way,,,,,,,28.5734578,77.2159005
1123151111,,,,,,,,,,,,,,,,,,,,,park,,,,,,,,,,,,,,,,,,,,,,,,,,,,,,way,,,,,,,28.5904527,77.2521192
1123151112,,,,,,,,,,,,,,,,,,,,,park,,,,,,,,,,,,,,,,,,,,,,,,,,,,,,way,,,,,,,28.5904393,77.2513125
1123151113,,,,,,,,,,,,,,,,,,,,,park,,,,,,,,,,,,,,,,,,,,,,,,,,,,,,way,,,,,,,28.5898504,77.2511558
1123151114,,,,,,,,,,,,,,,,,,,,,park,,,,,,,,,,,,,,,,,,,,,,,,,,,,,,way,,,,,,,28.5898326,77.2505107
1123151115,,,,,,,,,,,,,,,,,,,,,park,,,,,,,,,,,,,,,,,,,,,,,,,,,,,,way,,,,,,,28.5902049,77.2511229
1123151116,,,,,,,,,,,,,,,,,,,,,park,,,,,,,,,,,,,,,,,,,,,,,,,,,,,,way,,,,,,,28.5901915,77.2504861
1123151117,,,,,,,,,,,,,,,,,,,,,park,,,,,,,,,,,,,,,,,,,,,,,,,,,,,,way,,,,,,,28.5900409,77.2507514
1123372341,,,,,,,,,,,,,,,,,,,,,park,,,,,,,,,,,,,,,,,,,,,,,,,,,,,,way,,,,,,,28.5929905,77.2482171
1123830763,,,,,,,,,,,,,,,,,,,,,park,,,,,,,,,,,,,,,,,,,,,,,,,,,,,,way,,,,,,,28.5883572,77.2491887
1123830772,,,,,,,,,,,,,,,,,,,,,park,,,,,,,,,,,,,,,,,,,,,,,,,,,,,,way,,,,,,,28.5895481,77.2482216
1123830776,,,,,,,,,,,,,,,,,,,,,park,,,,,,,,,,,,,,,,,,,,,,,,,,,,,,way,,,,,,,28.5909644,77.2477336
1123830779,,,,,,,,,,,,,,,,,,,,,park,,,,,,,,,,,,,,,,,,,,,,,,,,,,,,way,,,,,,,28.5902779,77.2483425
1123830780,,,,,,,,,,,,,,,,,,,,,park,,,,,,,,,,,,,,,,,,,,,,,,,,,,,,way,,,,,,,28.5899665,77.2481943
1123830789,,,,,,,,,,,,,,,,,,,,,park,,,,,,,,,,,,,,,,,,,,,,,,,,,,,,way,,,,,,,28.5899174,77.2474181
1123830790,,,,,,,,,,,,,,,,,,,,,park,,,,,,,,,,,,,,,,,,,,,,,,,,,,,,way,,,,,,,28.5898987,77.246646
1123929405,,,,,,,,,,,,,,,,,,,,,park,,,,,,,,,,,,,,,,,,,,,,,,,,,,,,way,,,,,,,28.5908011,77.2500868
1126432801,,,,,,,,,,,,,,,,,,,,,park,,,,,,,,,,,,,,,,,,,,,,,,,,,,,,way,,,,,,,28.5951977,77.2521257
1126432802,,,,,,,,,,,,,,,,,,,,,park,,,,,,,,,,,,,,,,,,,,,,,,,,,,,,way,,,,,,,28.5952613,77.2521955
1127471662,,,,,,,,,,,,,,,,,,,,,park,,,,,,,,,,,,,,,,,,,,,,,,,,,,,,way,,,,,,,28.5895533,77.2521011
1127481136,,,,,,,,,,,,,,,,,,,,,park,,,,,,,,,,,,,,,,,,,,,,,,,,,,,,way,,,,,,,28.5940641,77.2463549
1127481137,,,,,,,,,,,,,,,,,,,,,park,,,,,,,,,,,,,,,,,,,,,,,,,,,,,,way,,,,,,,28.5940575,77.2471324
1127481138,,,,,,,,,,,,,,,,,,,,,park,,,,,,,,,,,,,,,,,,,,,,,,,,,,,,way,,,,,,,28.5928335,77.246383
1127484002,Sunder Nursery,,,,,,,,,,,,,,,,yes,,,,park,,,,,,,,,,,,सुंदर नर्सरी,,,,,,,,Mo-Su 07:00-22:00,,,,,,,,,,way,,https://www.sundernursery.org,,Q15628824,Category:Sunder Nursery,en:Sunder Nursery,28.5942297,77.2468445
1135350559,,,,,,,,,,,,,,,,,,,,,park,,,,,,,,,,,,,,,,,,,,,,,,,,,,,,way,,,,,,,28.5890379,77.24378
1135417997,,,,,,,,,,,,,,,,,,,,,park,,,,,,,,,,,,,,,,,,,,,,,,,,,,,,way,,,,,,,28.5893358,77.2460881
1136104398,,,,,,,,,,,,,,,,,,,,,park,,,,,,,,,,,,,,,,,,,,,,,,,,,,,,way,,,,,,,28.6458825,77.1897834
1136885728,,,,,,,,,,,,,,,,,,,,,park,,,,,,,,,,,,,,,,,,,,,,,,,,,,,,way,,,,,,,28.6013277,77.2321084
1136942137,Front Lawn,,,,,,,,,,,,,,,,,,,,park,,,,,,,,,,,,,,,,,,,,,,,,,,,,,,way,,,,,,,28.6261633,77.2358271
1138292912,,,,,,,,,,,,,,,,,,,,,park,,,,,,,,,,,,,,,,,,,,,,,,,,,,,,way,,,,,,,28.6262872,77.2381603
1184581347,Shaheed Udham Singh park,,,,,,,,,,,,,,,,,,,,park,,,,,,,,,Q2473141,,,,,,,,,,,,,,,,,,,,,way,,,,,,,28.5868252,77.2491901
1202955812,,,,,,,,,,,,,,,,,,,,,park,,,,,,,,,,,,,,,,,,,,,,,,,,,,,,way,,,,,,,28.58007,77.2176696
1212167177,,,,,,,,,,,,,,,,,,,,,park,,,,,,,,,,,,,,,,,,,,,,,,,,,,,,way,,,,,,,28.5812343,77.2412556
1231653918,,,,,,,,,,,,,,,,,,,,,park,,,,,,,,,,,,,,,,,,,,,,,,,,,,,,way,,,,,,,28.6248758,77.2335804
1238152531,Nehru Park,,,,,,,,,,,,,,,,,,,,park,,,,,,,,,Q1047,,,,,,,,,,,,,,,,,,,,,way,,,,,,,28.5956621,77.1937136
1243637980,,,,,,,,,,,,,,,,,,,,,park,,,,,,,,,,,,,,,,,,,,,,,,,,,,,,way,,,,,,,28.6051745,77.2273003
1243640648,,,,,,,,,,,,,,,,,,,,,park,,,,,,,,,,,,,,,,,,,,,,,,,,,,,,way,,,,,,,28.6052011,77.2291808
1243927875,,customers,,,,,,,,,,,,,,,,,,,park,,,,,,,,,,,,,,,,,,,,,,,,,,,,,,way,,,,,,,28.6015558,77.2292235
1248079160,,,,,,,,,,,,,,,,,,,,,park,,,,,,,,,,,,,,,,,,,,,,,,,,,,,,way,,,,,,,28.6231955,77.2413017
1248079161,,,,,,,,,,,,,,,,,,,,,park,,,,,,,,,,,,,,,,,,,,,,,,,,,,,,way,,,,,,,28.6222346,77.2430323
1254530443,Shaheed Bhagat Singh Park,,,,,,,,,,,,,,,,,,,,park,,,,,,,,,Q377808,,,शहीद भगत सिंह पार्क,,,,,,,,,,,,,,,,,,way,,,,,,,28.5807948,77.2424278
1263399162,,,,,,,,,,,,,,,,,,,,,park,,,,,,,,,,,,,,,,,,,,,,,,,,,,,,way,,,,,,,28.5844491,77.2417235
1264788227,,,,,,,,,,,,,,,,,,,,,park,,,,,,,,,,,,,,,,,,,,,,,,,,,,,,way,,,,,,,28.5841469,77.2432785
1264788246,,,,,,,,,,,,,,,,,,,,,park,,,,,,,,,,,,,,,,,,,,,,,,,,,,,,way,,,,,,,28.5831063,77.2433185
1264899822,,,,,,,,,,,,,,,,,,,,,park,,,,,,,,,,,,,,,,,,,,,,,,,Esri World Imagery,,,,,way,,,,,,,28.5852475,77.2434333
1264899827,,,,,,,,,,,,,,,,,,,,,park,,,,,,,,,,,,,,,,,,,,,,,,,Esri World Imagery,,,,,way,,,,,,,28.5850181,77.2436755
1264899833,H Block Park,,,,,,,,,,,,,,,,,,,,park,,,,,,,,,,,,,,,,,,,,,,,,,,,,,,way,,,,,,,28.5822956,77.2423265
1265084168,,,,,,,,,,,,,,,,,,,,,park,,,,,,,,,,,,,,,,,,,,,,,,,Esri World Imagery,,,,,way,,,,,,,28.6456707,77.1878951
1265084169,,private,,,,,,,,,,,,,,,,,,,park,,,,,,,,,,,,,,,,,,,,,,,,,Esri World Imagery,,,,,way,,,,,,,28.6461475,77.1904926
1265084172,,,,,,,,,,,,,,,,,,,,,park,,,,,,,,,,,,,,,,,,,,,,,,,Esri World Imagery,,,,,way,,,,,,,28.6470437,77.1906811
1265084174,Chetak Park,,,,,,,,,,,wall,,,,,,,,,park,,,,,,,,,,,,,,,,,,,,,,,,,Esri World Imagery,,,,,way,,,,,,,28.6428854,77.188801
1265113295,,,,,,,,,,,,,,,,,,,,,park,,,,,,,,,,,,,,,,,,,,,,,,,,,,,,way,,,,,,,28.574126,77.2085508
1265113296,,,,,,,,,,,,,,,,,,,,,park,,,,,,,,,,,,,,,,,,,,,,,,,,,,,,way,,,,,,,28.5779314,77.2103494
1265113297,,,,,,,,,,,,,,,,,,,,,park,,,,,,,,,,,,,,,,,,,,,,,,,,,,,,way,,,,,,,28.5746984,77.2086462
1265651029,,,,,,,,,,,,,,,,,,,,,park,,,,,,,,,,,,,,,,,,,,,,,,,,,,,,way,,,,,,,28.5836786,77.2278535
1267919232,,,,,,,,,,,,wall,,,,,,,,,park,,,,,,,,,,,,,,,,,,,,,Delhi Development Authority,,,,,,,,,way,,,,,,,28.5866004,77.1664941
1271156410,,,,,,,,,,,,,,,,,,,grass,,park,,,,,,,,,,,,,,,,,,,,,,,,,,,,,,way,,,,,,,28.6183664,77.2082542
1271156411,,,,,,,,,,,,,,,,,,,grass,,park,,,,,,,,,,,,,,,,,,,,,,,,,,,,,,way,,,,,,,28.6182192,77.2082233
1271156428,,,,,,,,,,,,,,,,,,,grass,,park,,,,,,,,,,,,,,,,,,,,,,,,,,,,,,way,,,,,,,28.6105091,77.2340288
1271156429,,,,,,,,,,,,,,,,,,,grass,,park,,,,,,,,,,,,,,,,,,,,,,,,,,,,,,way,,,,,,,28.6155668,77.2279979
1271156430,,,,,,,,,,,,,,,,,,,grass,,park,,,,,,,,,,,,,,,,,,,,,,,,,,,,,,way,,,,,,,28.6158305,77.2272066
1271156433,,,,,,,,,,,,,,,,,,,grass,,park,,,,,,,,,,,,,,,,,,,,,,,,,,,,,,way,,,,,,,28.611131,77.2185576
1271156434,,,,,,,,,,,,,,,,,,,grass,,park,,,,,,,,,,,,,,,,,,,,,,,,,,,,,,way,,,,,,,28.610927,77.2223049
1271156435,,,,,,,,,,,,,,,,,,,grass,,park,,,,,,,,,,,,,,,,,,,,,,,,,,,,,,way,,,,,,,28.6108075,77.2234268
1271156441,,,,,,,,,,,,,,,,,,,grass,,park,,,,,,,,,,,,,,,,,,,,,,,,,,,,,,way,,,,,,,28.6110636,77.223929
1271156442,,,,,,,,,,,,,,,,,,,grass,,park,,,,,,,,,,,,,,,,,,,,,,,,,,,,,,way,,,,,,,28.6110895,77.2231244
1271156443,,,,,,,,,,,,,,,,,,,grass,,park,,,,,,,,,,,,,,,,,,,,,,,,,,,,,,way,,,,,,,28.6115804,77.2232759
1271166611,,,,,,,,,,,,,,,,,,,grass,,park,,,,,,,,,,,,,,,,,,,,,,,,,,,,,,way,,,,,,,28.6106503,77.205061
1271166612,,,,,,,,,,,,,,,,,,,grass,,park,,,,,,,,,,,,,,,,,,,,,,,,,,,,,,way,,,,,,,28.60709,77.2057208
1271166613,,,,,,,,,,,,,,,,,,,grass,,park,,,,,,,,,,,,,,,,,,,,,,,,,,,,,,way,,,,,,,28.6074008,77.2067548
1274070899,Dargah Peer Banwasi Park,,,,,,,,,,,,,,,,,,,,park,,,,,,,,,,,,,,,,,,,,,,,,,,,,,,way,,,,,,,28.6379816,77.207049
1274559137,,no,,,,,,,,,,,,,,,,,,,park,,,,,,,,,,,,,,,,,,,,,,,,,,,,,,way,,,,,,,28.593064,77.2441261
1279460301,Pandit Ramkeval Mishra Park,,,,,,,,,,,,,,,,,,,,park,,,,,,,,,,,,,,,,,,,,sunrise-sunset,MCD,public/government,,,,,,,,way,,,,,,,28.6294865,77.214696
1297694017,Smriti Vatika,,,,,,,,,,,,,,,,,,,,park,,,,,,,,,,,,,,,,,,,,,,,,,,,,,,way,,,,,,,28.5859115,77.1766085
1298138145,,private,,,,,,,,,,,,,,,,,,,park,,,,,,,,,,,,,,,,,yes,,,,,,,,,,,,,way,,,,,,,28.5760216,77.1950028
1298729762,,private,,,,,,,,,,,,,,,,,,,park,,,,,,,,,,,,,,,,,yes,,,,,,,,,,,,,way,,,,,,,28.574197,77.1932999
1298731383,,,,,,,,,,,,,,,,,,,,,park,,,,,,,,,,,,,,,,,yes,,,,,,,,,,,,,way,,,,,,,28.5764189,77.1969331
1301423172,,,,,,,,,,,,,,,,,,,,,park,,,,,,,,,,,,,,,,,yes,,,,,,,,,,,,,way,,,,,,,28.6343557,77.2168693
1311028545,,,,,,,,,,,,,,,,,,,,,park,,,,,,,,,,,,,,,,,,,,,,,,,,,,,,way,,,,,,,28.6461477,77.1884671
1317316786,New Delhi Municipal Corporation Park,,,,,,,,,,,,,,,,,,,,park,,,,,,,,,,,,,,,,,,,,,Oil And Natural Gas Corporation,,,NDMC Park,,,,,,way,,,,,,,28.6276376,77.2161134
1333246738,,,,,,,,,,,,,,,,,,,,,park,,,,,,,,,,,,,,,,,,,,,,,,,,,,,,way,,,,,,,28.5878295,77.2154746
1333246739,,,,,,,,,,,,,,,,,,,,,park,,,,,,,,,,,,,,,,,,,,,,,,,,,,,,way,,,,,,,28.5876736,77.2140307
1333246740,,,,,,,,,,,,,,,,,,,,,park,,,,,,,,,,,,,,,,,,,,,,,,,,,,,,way,,,,,,,28.5886418,77.215087
1333246741,,,,,,,,,,,,,,,,,,,,,park,,,,,,,,,,,,,,,,,,,,,,,,,,,,,,way,,,,,,,28.5888652,77.2181681
1333246742,,,,,,,,,,,,,,,,,,,,,park,,,,,,,,,,,,,,,,,,,,,,,,,,,,,,way,,,,,,,28.5890641,77.2197129
1333246745,,,,,,,,,,,,,,,,,,,,,park,,,,,,,,,,,,,,,,,,,,,,,,,,,,,,way,,,,,,,28.5868172,77.2185913
1340863310,Bhagwan Mahavir Vanasthali Park,,,,,,,,,,,,,,,,no,,,,park,,,,,,,,,,,,,,,,,,,,,,,,,,,,,,way,,,,,,,28.6044243,77.1777588
1354541584,,,,,,,,,,,,,,,,,,,,,park,,,,,,,,,,,,,,,,,,,,,,,,,,,,,,way,,,,,,,28.6235999,77.2013044
1354558625,,private,,,,,,,,,,,,,,,,,,,park,,,,,,,,,,,,,,,,,,,,,,,,,,,,,,way,,,,,,,28.6234284,77.2034797
1355428662,,,,,,,,,,,,,,,,,,,,,park,,,,,,,,,,,,,,,,,,,,,,,,,,,,,,way,,,,,,,28.5885555,77.2141534
1355428663,,,,,,,,,,,,,,,,,,,,,park,,,,,,,,,,,,,,,,,,,,,,,,,,,,,,way,,,,,,,28.5874682,77.2146188
1355428664,,,,,,,,,,,,,,,,,,,,,park,,,,,,,,,,,,,,,,,,,,,,,,,,,,,,way,,,,,,,28.5868557,77.215039
1355428665,,,,,,,,,,,,,,,,,,,,,park,,,,,,,,,,,,,,,,,,,,,,,,,,,,,,way,,,,,,,28.5872069,77.2135592
1355428666,,,,,,,,,,,,,,,,,,,,,park,,,,,,,,,,,,,,,,,,,,,,,,,,,,,,way,,,,,,,28.5869142,77.2159019
1355428667,,,,,,,,,,,,,,,,,,,,,park,,,,,,,,,,,,,,,,,,,,,,,,,,,,,,way,,,,,,,28.5868401,77.2169367
1355428668,,,,,,,,,,,,,,,,,,,,,park,,,,,,,,,,,,,,,,,,,,,,,,,,,,,,way,,,,,,,28.5888591,77.216643
1355428669,,,,,,,,,,,,,,,,,,,,,park,,,,,,,,,,,,,,,,,,,,,,,,,,,,,,way,,,,,,,28.5888535,77.2167215
1377179176,,,,,,,,,,,,,,,,,,,,,park,,,,,,,,,,,,,,,,,,,,,,,,,,,,,,way,,,,,,,28.5843668,77.2448564
1380217978,Tikona Park,,,,,,,,,,,,,,,,,,,,park,,,,,,,,,,,,,,,,,,,,,,,,,,,,,,way,,,,,,,28.5795378,77.17671
1380222167,,,,,,,,,,,,,,,,,,,,,park,,,,,,,,,,,,,,,,,yes,,,,,,,,,,,,,way,,,,,,,28.5800579,77.1778567
1383796216,,,,,,,,,,,,,,,,,,,,,park,,,,,,,,,,,,,,,,,,,,,,,,,,,,,,way,,,,,,,28.5910148,77.2413889
1386086655,,,,,,,,,,,,,,,,,,,,,park,,,,,,,,,,,,,,,,,,,,,,,,,,,,,,way,,,,,,,28.6349506,77.2085047
1386462059,,,,,,,,,,,,,,,,,,,,,park,,,,,,,,,,,,,,,,,,,,,,,,,,,,,,way,,,,,,,28.5836958,77.211555
1386957477,,,,,,,,,,,,,,,,,,,,,park,,,,,,,,,,,,,,,,,yes,,,,,,,,,,,,,way,,,,,,,28.6405229,77.2042891
1391501975,,,,,,,,,,,,,,,,,,,,,park,,,,,,,,,,,,,,,,,,,,,,,,,,,,,,way,,,,,,,28.5973832,77.1627443
1391501976,,,,,,,,,,,,,,,,,,,,,park,,,,,,,,,,,,,,,,,,,,,,,,,,,,,,way,,,,,,,28.5960691,77.1632616
1393241554,,,,,,,,,,,,,,,,,,,,,park,,,,,,,,,,,,,,,,,,,,,,,,,,,,,,way,,,,,,,28.6322616,77.2099243
1394032044,,,,,,,,,,,,,,,,,,,,,park,,,,,,,,,,,,,,,,,,,,,,,,,,,,,,way,,,,,,,28.5795976,77.2409822
1394032050,Maharaja Ranjit Singh Park,,,,,,,,,,,,,,,,,,,,park,,,,,,,,,,,,महाराजा रणजीत सिंह पार्क,,,,,,,,,,,,,,,,,,way,,,,,,,28.5795789,77.2401444
1409651794,,,,,,,,,,,,,,,,,,,,,park,,,,,,,,,,,,,,,,,,,,,,,,,,,,,,way,,,,,,,28.598401,77.2217288
1409651802,,,,,,,,,,,,,,,,,,,,,park,,,,,,,,,,,,,,,,,,,,,,,,,,,,,,way,,,,,,,28.5744324,77.2297655
1410923210,,,,,,,,,,,,,,,,,,,,,park,,,,,,,,,,,,,,,,,,,,,,,,,,,,,,way,,,,,,,28.5813876,77.2414426
1411134618,,,,,,,,,,,,,,,,,,,,,park,,,,,,,,,,,,,,,,,,,,,,,,,,,,,,way,,,,,,,28.5798723,77.1883871
1423096188,Kamla Nehru Park,,,,,,,,,,,,,,,,,,,,park,,,,,,,,,Q3633365,,,,,,,,,,,,,,,,,,,,,way,,,,,,,28.6437416,77.2259818
1431677029,,,,,,,,,,,,,,,,,,,,,park,,,,,,,,,,,,,,,,,,,,,,,,,,,,,,way,,,,,,,28.6484604,77.2082884
1436656168,,,,,,,,,,,,,,,,,,,,,park,,,,,,,,,,,,,,,,,,,,,,,,,,,,,,way,,,,,,,28.5800694,77.2219033
1450159504,,,,,,,,,,,,,,,,,,,,,park,,,,,,,,,,,,,,,,,,,,,,,,,,,,,,way,,,,,,,28.6020274,77.1845206
1450159505,,,,,,,,,,,,,,,,,,,,,park,,,,,,,,,,,,,,,,,,,,,,,,,,,,,,way,,,,,,,28.6033199,77.1856633
1458677850,,,,,,,,,,,,,,,,,,,,,park,,,,,,,,,,,,,,,,,,,,,,,,,,,,,,way,,,,,,,28.5901813,77.1809399
1462284393,,,,,,,,,,,,,,,,,,,,,park,,,,,,,,,,,,,,,,,,,,,,,,,,,,,,way,,,,,,,28.6394959,77.2235042
1494117348,Charti Lal Goel Heritage Park,,,,,,,,,,,,,,,,,,,,park,,,,,,,,,,,,,,,,,,,,,,,,,,,,,,way,,,,,,,28.652223,77.2357882
1505842341,,,,,,,,,,,,,,,,,,,,,park,,,,,,,,,,,,,,,,,,,,,,,,,,,,,,way,,,,,,,28.5812828,77.1805094
1505842342,,,,,,,,,,,,,,,,,,,,,park,,,,,,,,,,,,,,,,,,,,,,,,,,,,,,way,,,,,,,28.581084,77.1800803
1506501735,,,,,,,,,,,,,,,,,,,,,park,,,,,,,,,,,,,,,,,yes,,,,,,,,,,,,,way,,,,,,,28.5802192,77.1782087
1510510469,,,,,,,,,,,,,,,,,,,,,park,,,,,,,,,,,,,,,,,,,,,,,,,,,,,,way,,,,,,,28.5804071,77.1788167
1516185084,,,,,,,,,,,,fence,,,,,,bars,,,park,,,,,,,,,,,,,,,,,,,,,,,,,,,,,,way,,,,,,,28.5734888,77.2166679
1530870662,,,,,,,,,,,,,,,,,,,,,park,,,,,,,,,,,,,,,,,,,,,,,,,,,,,,way,,,,,,,28.5720495,77.210228
1532896602,,,,,,,,,,,,,,,,,,,,,park,,,,,,,,,,,,,,,,,,,,,,,,,,,,,,way,,,,,,,28.5706149,77.2131348
1532896614,,,,,,,,,,,,,,,,,,,,,park,,,,,,,,,,,,,,,,,,,,,,,,,,,,,,way,,,,,,,28.5708937,77.2143093
